"Body","Head","Head_Coverage","Std_Confidence","PCA_Confidence","Positive_Examples","Body_size","PCA_Body_size","Functional_variable"
"?b  ex:wife  ?a   ","?a  ex:husband  ?b","1","1","1","1138","1138","1138","?b"
"?b  ex:husband  ?a   ","?a  ex:wife  ?b","1","1","1","1138","1138","1138","?a"
"?b  ex:mother  ?a   ","?a  ex:daughter  ?b","0.460038","0.426488","0.551282","731","1714","1326","?b"
"?b  ex:father  ?a   ","?a  ex:daughter  ?b","0.539962","0.426866","0.577389","858","2010","1486","?b"
"?b  ex:son  ?a   ","?a  ex:father  ?b","0.566667","0.53981","0.540579","1139","2110","2107","?b"
"?b  ex:daughter  ?a   ","?a  ex:father  ?b","0.426866","0.539962","0.541667","858","1589","1584","?b"
"?b  ex:daughter  ?a   ","?a  ex:mother  ?b","0.426488","0.460038","0.501716","731","1589","1457","?b"
"?b  ex:son  ?a   ","?a  ex:mother  ?b","0.566511","0.46019","0.500774","971","2110","1939","?b"
"?b  ex:mother  ?a   ","?a  ex:son  ?b","0.46019","0.566511","0.640924","971","1714","1515","?b"
"?b  ex:father  ?a   ","?a  ex:son  ?b","0.53981","0.566667","0.666082","1139","2010","1710","?b"
"?b  ex:brother  ?a   ","?a  ex:sister  ?b","0.531779","0.459688","0.516624","1414","3076","2737","?b"
"?b  ex:sister  ?a   ","?a  ex:sister  ?b","0.458819","0.458819","0.505595","1220","2659","2413","?b"
"?b  ex:uncle  ?a   ","?a  ex:niece  ?b","0.532149","0.429719","0.458946","1498","3486","3264","?b"
"?b  ex:aunt  ?a   ","?a  ex:niece  ?b","0.467851","0.440468","0.469686","1317","2990","2804","?b"
"?b  ex:niece  ?a   ","?a  ex:aunt  ?b","0.440468","0.467851","0.496981","1317","2815","2650","?b"
"?b  ex:nephew  ?a   ","?a  ex:aunt  ?b","0.555184","0.456923","0.499849","1660","3633","3321","?b"
"?b  ex:sister  ?a   ","?a  ex:brother  ?b","0.459688","0.531779","0.556693","1414","2659","2540","?b"
"?b  ex:brother  ?a   ","?a  ex:brother  ?b","0.53381","0.53381","0.568757","1642","3076","2887","?b"
"?b  ex:niece  ?a   ","?a  ex:uncle  ?b","0.429719","0.532149","0.549523","1498","2815","2726","?b"
"?b  ex:nephew  ?a   ","?a  ex:uncle  ?b","0.565978","0.543077","0.565654","1973","3633","3488","?b"
"?b  ex:aunt  ?a   ","?a  ex:nephew  ?b","0.456923","0.555184","0.56138","1660","2990","2957","?b"
"?b  ex:uncle  ?a   ","?a  ex:nephew  ?b","0.543077","0.565978","0.575722","1973","3486","3427","?b"
"?a  ex:father  ?f  ?b  ex:mother  ?f   ","?a  ex:husband  ?b","0.607206","1","1","691","691","691","?b"
"?f  ex:daughter  ?b  ?a  ex:father  ?f   ","?a  ex:husband  ?b","0.362917","0.443609","1","413","931","413","?b"
"?b  ex:mother  ?f  ?f  ex:son  ?a   ","?a  ex:husband  ?b","0.468366","0.502356","0.503305","533","1061","1059","?b"
"?a  ex:father  ?f  ?f  ex:son  ?b   ","?a  ex:husband  ?b","0.468366","0.450931","1","533","1182","533","?b"
"?f  ex:daughter  ?a  ?b  ex:mother  ?f   ","?a  ex:husband  ?b","0.362917","0.498191","0.501214","413","829","824","?b"
"?f  ex:brother  ?a  ?b  ex:father  ?f   ","?a  ex:daughter  ?b","0.342354","0.437299","0.521572","544","1244","1043","?b"
"?f  ex:brother  ?a  ?b  ex:mother  ?f   ","?a  ex:daughter  ?b","0.335431","0.443059","0.523062","533","1203","1019","?b"
"?e  ex:son  ?a  ?e  ex:son  ?b   ","?a  ex:husband  ?b","0.468366","0.237628","0.503305","533","2243","1059","?b"
"?b  ex:mother  ?f  ?f  ex:sister  ?a   ","?a  ex:daughter  ?b","0.300189","0.44873","0.44873","477","1063","1063","?b"
"?e  ex:daughter  ?a  ?e  ex:daughter  ?b   ","?a  ex:husband  ?b","0.362917","0.234659","0.501214","413","1760","824","?b"
"?b  ex:father  ?f  ?a  ex:sister  ?f   ","?a  ex:daughter  ?b","0.385148","0.998369","0.998369","612","613","613","?b"
"?a  ex:daughter  ?f  ?b  ex:wife  ?f   ","?a  ex:daughter  ?b","0.456891","0.761006","0.863258","726","954","841","?b"
"?f  ex:father  ?a  ?b  ex:wife  ?f   ","?a  ex:daughter  ?b","0.456891","0.322523","0.468992","726","2251","1548","?b"
"?b  ex:sister  ?f  ?f  ex:uncle  ?a   ","?a  ex:daughter  ?b","0.154185","0.0762053","0.208866","245","3215","1173","?b"
"?a  ex:sister  ?f  ?f  ex:son  ?b   ","?a  ex:daughter  ?b","0.677785","1","1","1077","1077","1077","?b"
"?b  ex:brother  ?f  ?a  ex:niece  ?f   ","?a  ex:daughter  ?b","0.259912","0.226798","0.470387","413","1821","878","?b"
"?b  ex:brother  ?f  ?f  ex:uncle  ?a   ","?a  ex:daughter  ?b","0.22467","0.092607","0.219963","357","3855","1623","?b"
"?f  ex:daughter  ?b  ?a  ex:sister  ?f   ","?a  ex:daughter  ?b","0.605412","0.997925","0.997925","962","964","964","?b"
"?b  ex:mother  ?f  ?a  ex:sister  ?f   ","?a  ex:daughter  ?b","0.374449","0.998322","0.998322","595","596","596","?b"
"?f  ex:aunt  ?a  ?b  ex:brother  ?f   ","?a  ex:daughter  ?b","0.209566","0.0945486","0.217221","333","3522","1533","?b"
"?a  ex:daughter  ?f  ?f  ex:husband  ?b   ","?a  ex:daughter  ?b","0.456891","0.761006","0.863258","726","954","841","?b"
"?e  ex:brother  ?b  ?a  ex:niece  ?e   ","?a  ex:daughter  ?b","0.378855","0.195709","0.450936","602","3076","1335","?b"
"?e  ex:brother  ?a  ?e  ex:son  ?b   ","?a  ex:daughter  ?b","0.677785","0.440131","0.522308","1077","2447","2062","?b"
"?a  ex:daughter  ?f  ?f  ex:wife  ?b   ","?a  ex:daughter  ?b","0.456891","0.930769","0.986413","726","780","736","?b"
"?e  ex:daughter  ?b  ?e  ex:sister  ?a   ","?a  ex:daughter  ?b","0.605412","0.447858","0.447858","962","2148","2148","?b"
"?a  ex:niece  ?e  ?e  ex:sister  ?b   ","?a  ex:daughter  ?b","0.332914","0.182225","0.422524","529","2903","1252","?b"
"?e  ex:brother  ?b  ?e  ex:uncle  ?a   ","?a  ex:daughter  ?b","0.378855","0.0849443","0.215308","602","7087","2796","?b"
"?a  ex:niece  ?f  ?b  ex:sister  ?f   ","?a  ex:daughter  ?b","0.170548","0.174165","0.432907","271","1556","626","?b"
"?e  ex:aunt  ?a  ?e  ex:sister  ?b   ","?a  ex:daughter  ?b","0.332914","0.0809859","0.207532","529","6532","2549","?b"
"?e  ex:mother  ?a  ?e  ex:wife  ?b   ","?a  ex:daughter  ?b","0.456891","0.393283","0.529927","726","1846","1370","?b"
"?e  ex:father  ?a  ?e  ex:husband  ?b   ","?a  ex:daughter  ?b","0.456891","0.322523","0.468992","726","2251","1548","?b"
"?b  ex:father  ?f  ?f  ex:son  ?a   ","?a  ex:wife  ?b","0.468366","0.450931","1","533","1182","533","?a"
"?b  ex:father  ?f  ?a  ex:mother  ?f   ","?a  ex:wife  ?b","0.607206","1","1","691","691","691","?a"
"?b  ex:father  ?f  ?f  ex:sister  ?a   ","?a  ex:daughter  ?b","0.305223","0.447005","0.447005","485","1085","1085","?b"
"?f  ex:aunt  ?a  ?b  ex:sister  ?f   ","?a  ex:daughter  ?b","0.123348","0.0647292","0.192913","196","3028","1016","?b"
"?e  ex:daughter  ?b  ?a  ex:mother  ?e   ","?a  ex:wife  ?b","0.362917","0.498191","0.501214","413","829","824","?a"
"?e  ex:daughter  ?a  ?e  ex:daughter  ?b   ","?a  ex:wife  ?b","0.362917","0.234659","0.501214","413","1760","824","?a"
"?a  ex:mother  ?e  ?e  ex:son  ?b   ","?a  ex:wife  ?b","0.468366","0.502356","0.503305","533","1061","1059","?a"
"?e  ex:son  ?a  ?e  ex:son  ?b   ","?a  ex:wife  ?b","0.468366","0.237628","0.503305","533","2243","1059","?a"
"?b  ex:sister  ?f  ?f  ex:son  ?a   ","?a  ex:father  ?b","0.270647","0.505107","0.505107","544","1077","1077","?b"
"?a  ex:father  ?f  ?b  ex:sister  ?f   ","?a  ex:father  ?b","0.304478","0.998369","1","612","613","612","?b"
"?b  ex:daughter  ?f  ?f  ex:wife  ?a   ","?a  ex:father  ?b","0.361194","0.930769","0.930769","726","780","780","?b"
"?b  ex:husband  ?f  ?f  ex:mother  ?a   ","?a  ex:daughter  ?b","0.456891","0.393283","0.529927","726","1846","1370","?b"
"?b  ex:nephew  ?f  ?f  ex:sister  ?a   ","?a  ex:father  ?b","0.227363","0.126839","0.126839","457","3603","3603","?b"
"?f  ex:brother  ?a  ?b  ex:nephew  ?f   ","?a  ex:father  ?b","0.263682","0.133199","0.133266","530","3979","3977","?b"
"?b  ex:daughter  ?f  ?a  ex:husband  ?f   ","?a  ex:father  ?b","0.361194","0.930769","0.930769","726","780","780","?b"
"?b  ex:brother  ?f  ?f  ex:daughter  ?a   ","?a  ex:father  ?b","0.295522","0.505963","0.505963","594","1174","1174","?b"
"?a  ex:brother  ?f  ?b  ex:nephew  ?f   ","?a  ex:father  ?b","0.306468","0.25061","0.25061","616","2458","2458","?b"
"?b  ex:niece  ?f  ?f  ex:sister  ?a   ","?a  ex:father  ?b","0.165672","0.114709","0.114709","333","2903","2903","?b"
"?a  ex:husband  ?f  ?b  ex:son  ?f   ","?a  ex:father  ?b","0.481592","0.922784","0.922784","968","1049","1049","?b"
"?f  ex:brother  ?a  ?b  ex:niece  ?f   ","?a  ex:father  ?b","0.177612","0.11606","0.116098","357","3076","3075","?b"
"?b  ex:son  ?f  ?f  ex:wife  ?a   ","?a  ex:father  ?b","0.481592","0.922784","0.922784","968","1049","1049","?b"
"?b  ex:brother  ?f  ?a  ex:father  ?f   ","?a  ex:father  ?b","0.402488","1","1","809","809","809","?b"
"?a  ex:brother  ?f  ?b  ex:niece  ?f   ","?a  ex:father  ?b","0.205473","0.226798","0.226798","413","1821","1821","?b"
"?f  ex:aunt  ?b  ?a  ex:brother  ?f   ","?a  ex:father  ?b","0.395025","0.22544","0.22544","794","3522","3522","?b"
"?a  ex:brother  ?f  ?f  ex:uncle  ?b   ","?a  ex:father  ?b","0.445274","0.232166","0.232226","895","3855","3854","?b"
"?a  ex:daughter  ?f  ?b  ex:husband  ?f   ","?a  ex:daughter  ?b","0.456891","0.930769","0.986413","726","780","736","?b"
"?e  ex:mother  ?b  ?e  ex:wife  ?a   ","?a  ex:father  ?b","0.848756","0.92416","0.92416","1706","1846","1846","?b"
"?a  ex:father  ?f  ?f  ex:sister  ?b   ","?a  ex:father  ?b","0.539801","1","1","1085","1085","1085","?b"
"?e  ex:brother  ?b  ?a  ex:father  ?e   ","?a  ex:father  ?b","0.618905","1","1","1244","1244","1244","?b"
"?e  ex:brother  ?a  ?e  ex:uncle  ?b   ","?a  ex:father  ?b","0.445274","0.126288","0.126359","895","7087","7083","?b"
"?e  ex:daughter  ?a  ?e  ex:sister  ?b   ","?a  ex:father  ?b","0.539801","0.505121","0.505121","1085","2148","2148","?b"
"?b  ex:brother  ?f  ?f  ex:son  ?a   ","?a  ex:father  ?b","0.344776","0.511062","0.511817","693","1356","1354","?b"
"?b  ex:brother  ?f  ?f  ex:daughter  ?a   ","?a  ex:mother  ?b","0.33839","0.494037","0.5","580","1174","1160","?b"
"?b  ex:brother  ?f  ?f  ex:son  ?a   ","?a  ex:mother  ?b","0.386814","0.488938","0.500755","663","1356","1324","?b"
"?a  ex:husband  ?f  ?f  ex:mother  ?b   ","?a  ex:father  ?b","0.848756","0.92416","0.92416","1706","1846","1846","?b"
"?b  ex:brother  ?f  ?a  ex:mother  ?f   ","?a  ex:mother  ?b","0.450408","1","1","772","772","772","?b"
"?e  ex:aunt  ?b  ?e  ex:sister  ?a   ","?a  ex:father  ?b","0.395025","0.121555","0.121555","794","6532","6532","?b"
"?b  ex:niece  ?f  ?a  ex:sister  ?f   ","?a  ex:mother  ?b","0.15811","0.174165","0.174165","271","1556","1556","?b"
"?b  ex:son  ?f  ?a  ex:wife  ?f   ","?a  ex:mother  ?b","0.564761","0.75625","0.756841","968","1280","1279","?b"
"?f  ex:husband  ?a  ?b  ex:son  ?f   ","?a  ex:mother  ?b","0.564761","0.75625","0.756841","968","1280","1279","?b"
"?b  ex:nephew  ?f  ?a  ex:sister  ?f   ","?a  ex:mother  ?b","0.199533","0.17638","0.177755","342","1939","1924","?b"
"?b  ex:sister  ?f  ?f  ex:son  ?a   ","?a  ex:mother  ?b","0.310968","0.494893","0.5","533","1077","1066","?b"
"?f  ex:daughter  ?a  ?b  ex:sister  ?f   ","?a  ex:mother  ?b","0.278296","0.494813","0.5","477","964","954","?b"
"?e  ex:brother  ?b  ?e  ex:son  ?a   ","?a  ex:father  ?b","0.618905","0.508378","0.508793","1244","2447","2445","?b"
"?a  ex:mother  ?f  ?b  ex:sister  ?f   ","?a  ex:mother  ?b","0.347141","0.998322","1","595","596","595","?b"
"?f  ex:aunt  ?b  ?a  ex:sister  ?f   ","?a  ex:mother  ?b","0.257293","0.145641","0.146123","441","3028","3018","?b"
"?a  ex:sister  ?f  ?f  ex:uncle  ?b   ","?a  ex:mother  ?b","0.31972","0.170451","0.171304","548","3215","3199","?b"
"?e  ex:father  ?b  ?a  ex:wife  ?e   ","?a  ex:mother  ?b","0.995333","0.757885","0.758559","1706","2251","2249","?b"
"?b  ex:daughter  ?f  ?f  ex:husband  ?a   ","?a  ex:mother  ?b","0.423571","0.761006","0.761805","726","954","953","?b"
"?f  ex:daughter  ?a  ?b  ex:sister  ?f   ","?a  ex:father  ?b","0.241294","0.503112","0.504158","485","964","962","?b"
"?b  ex:mother  ?f  ?f  ex:sister  ?a   ","?a  ex:son  ?b","0.274882","0.545626","0.579421","580","1063","1001","?b"
"?a  ex:mother  ?e  ?e  ex:sister  ?b   ","?a  ex:mother  ?b","0.620187","1","1","1063","1063","1063","?b"
"?b  ex:husband  ?f  ?f  ex:mother  ?a   ","?a  ex:son  ?b","0.458768","0.524377","0.613435","968","1846","1578","?b"
"?a  ex:brother  ?f  ?b  ex:mother  ?f   ","?a  ex:son  ?b","0.365877","1","1","772","772","772","?b"
"?b  ex:husband  ?f  ?a  ex:son  ?f   ","?a  ex:son  ?b","0.458768","0.922784","0.970913","968","1049","997","?b"
"?e  ex:daughter  ?a  ?e  ex:sister  ?b   ","?a  ex:mother  ?b","0.620187","0.494879","0.5","1063","2148","2126","?b"
"?f  ex:father  ?a  ?b  ex:wife  ?f   ","?a  ex:son  ?b","0.458768","0.430031","0.546275","968","2251","1772","?b"
"?b  ex:father  ?f  ?f  ex:sister  ?a   ","?a  ex:son  ?b","0.281517","0.547465","0.579512","594","1085","1025","?b"
"?a  ex:brother  ?f  ?b  ex:father  ?f   ","?a  ex:son  ?b","0.383412","1","1","809","809","809","?b"
"?a  ex:son  ?f  ?b  ex:wife  ?f   ","?a  ex:son  ?b","0.458768","0.75625","0.879201","968","1280","1101","?b"
"?f  ex:brother  ?a  ?b  ex:father  ?f   ","?a  ex:son  ?b","0.328436","0.557074","0.557074","693","1244","1244","?b"
"?f  ex:aunt  ?a  ?b  ex:sister  ?f   ","?a  ex:son  ?b","0.115166","0.080251","0.210755","243","3028","1153","?b"
"?a  ex:nephew  ?f  ?b  ex:sister  ?f   ","?a  ex:son  ?b","0.162085","0.17638","0.411058","342","1939","832","?b"
"?b  ex:brother  ?f  ?f  ex:uncle  ?a   ","?a  ex:son  ?b","0.251185","0.137484","0.272915","530","3855","1942","?b"
"?f  ex:aunt  ?a  ?b  ex:brother  ?f   ","?a  ex:son  ?b","0.216588","0.129756","0.256453","457","3522","1782","?b"
"?f  ex:daughter  ?a  ?b  ex:father  ?f   ","?a  ex:wife  ?b","0.362917","0.443609","1","413","931","413","?a"
"?b  ex:brother  ?f  ?a  ex:nephew  ?f   ","?a  ex:son  ?b","0.291943","0.25061","0.46987","616","2458","1311","?b"
"?b  ex:sister  ?f  ?f  ex:uncle  ?a   ","?a  ex:son  ?b","0.142654","0.0936236","0.236635","301","3215","1272","?b"
"?f  ex:husband  ?b  ?a  ex:son  ?f   ","?a  ex:son  ?b","0.458768","0.75625","0.879201","968","1280","1101","?b"
"?a  ex:son  ?f  ?f  ex:wife  ?b   ","?a  ex:son  ?b","0.458768","0.922784","0.970913","968","1049","997","?b"
"?a  ex:nephew  ?f  ?f  ex:sister  ?b   ","?a  ex:son  ?b","0.331754","0.194283","0.428397","700","3603","1634","?b"
"?e  ex:father  ?b  ?e  ex:husband  ?a   ","?a  ex:mother  ?b","0.995333","0.757885","0.758559","1706","2251","2249","?b"
"?a  ex:brother  ?f  ?f  ex:son  ?b   ","?a  ex:son  ?b","0.642654","1","1","1356","1356","1356","?b"
"?a  ex:brother  ?f  ?f  ex:daughter  ?b   ","?a  ex:son  ?b","0.556398","1","1","1174","1174","1174","?b"
"?e  ex:father  ?a  ?e  ex:husband  ?b   ","?a  ex:son  ?b","0.458768","0.430031","0.546275","968","2251","1772","?b"
"?e  ex:brother  ?b  ?e  ex:uncle  ?a   ","?a  ex:son  ?b","0.393839","0.117257","0.258556","831","7087","3214","?b"
"?f  ex:brother  ?b  ?a  ex:nephew  ?f   ","?a  ex:son  ?b","0.393839","0.208846","0.446534","831","3979","1861","?b"
"?e  ex:daughter  ?b  ?e  ex:sister  ?a   ","?a  ex:son  ?b","0.556398","0.546555","0.579467","1174","2148","2026","?b"
"?b  ex:daughter  ?f  ?a  ex:wife  ?f   ","?a  ex:mother  ?b","0.423571","0.761006","0.761805","726","954","953","?b"
"?f  ex:mother  ?a  ?b  ex:son  ?f   ","?a  ex:sister  ?b","0.525762","0.34493","0.423123","1398","4053","3304","?b"
"?e  ex:brother  ?a  ?e  ex:son  ?b   ","?a  ex:son  ?b","0.642654","0.554148","0.554148","1356","2447","2447","?b"
"?a  ex:daughter  ?f  ?b  ex:son  ?f   ","?a  ex:sister  ?b","0.531779","0.85801","0.892677","1414","1648","1584","?b"
"?e  ex:brother  ?b  ?a  ex:mother  ?e   ","?a  ex:mother  ?b","0.701867","1","1","1203","1203","1203","?b"
"?b  ex:nephew  ?f  ?f  ex:uncle  ?a   ","?a  ex:sister  ?b","0.415194","0.1439","0.18054","1104","7672","6115","?b"
"?f  ex:brother  ?a  ?b  ex:brother  ?f   ","?a  ex:sister  ?b","0.461452","0.367806","0.422812","1227","3336","2902","?b"
"?b  ex:brother  ?f  ?f  ex:sister  ?a   ","?a  ex:sister  ?b","0.439639","0.378808","0.378808","1169","3086","3086","?b"
"?f  ex:aunt  ?a  ?b  ex:nephew  ?f   ","?a  ex:sister  ?b","0.371192","0.145554","0.181634","987","6781","5434","?b"
"?b  ex:mother  ?f  ?f  ex:niece  ?a   ","?a  ex:sister  ?b","0.0808575","0.15997","0.34127","215","1344","630","?b"
"?b  ex:brother  ?f  ?a  ex:sister  ?f   ","?a  ex:sister  ?b","0.506205","0.997037","0.997037","1346","1350","1350","?b"
"?a  ex:aunt  ?f  ?b  ex:mother  ?f   ","?a  ex:sister  ?b","0.114705","0.342312","0.707657","305","891","431","?b"
"?b  ex:nephew  ?f  ?a  ex:niece  ?f   ","?a  ex:sister  ?b","0.442272","0.3468","0.411765","1176","3391","2856","?b"
"?e  ex:mother  ?a  ?e  ex:wife  ?b   ","?a  ex:son  ?b","0.458768","0.524377","0.613435","968","1846","1578","?b"
"?b  ex:mother  ?f  ?f  ex:nephew  ?a   ","?a  ex:sister  ?b","0.0981572","0.159829","0.366059","261","1633","713","?b"
"?b  ex:daughter  ?f  ?f  ex:mother  ?a   ","?a  ex:sister  ?b","0.45581","0.356575","0.418653","1212","3399","2895","?b"
"?b  ex:daughter  ?f  ?f  ex:father  ?a   ","?a  ex:sister  ?b","0.458819","0.309252","0.378647","1220","3945","3222","?b"
"?b  ex:father  ?f  ?f  ex:nephew  ?a   ","?a  ex:sister  ?b","0.178263","0.298489","0.414698","474","1588","1143","?b"
"?a  ex:daughter  ?f  ?b  ex:daughter  ?f   ","?a  ex:sister  ?b","0.458819","0.528367","0.651709","1220","2309","1872","?b"
"?a  ex:aunt  ?f  ?b  ex:father  ?f   ","?a  ex:sister  ?b","0.200827","0.631953","0.827907","534","845","645","?b"
"?b  ex:father  ?f  ?f  ex:niece  ?a   ","?a  ex:sister  ?b","0.13727","0.287855","0.389126","365","1268","938","?b"
"?f  ex:sister  ?a  ?b  ex:sister  ?f   ","?a  ex:sister  ?b","0.388868","0.380147","0.381268","1034","2720","2712","?b"
"?f  ex:brother  ?a  ?b  ex:sister  ?f   ","?a  ex:sister  ?b","0.414442","0.380394","0.42499","1102","2897","2593","?b"
"?f  ex:nephew  ?a  ?b  ex:uncle  ?f   ","?a  ex:sister  ?b","0.354645","0.2466","0.267746","943","3824","3522","?b"
"?a  ex:sister  ?f  ?b  ex:sister  ?f   ","?a  ex:sister  ?b","0.443024","0.654808","0.706659","1178","1799","1667","?b"
"?f  ex:niece  ?a  ?b  ex:uncle  ?f   ","?a  ex:sister  ?b","0.317413","0.240593","0.256847","844","3508","3286","?b"
"?a  ex:aunt  ?f  ?b  ex:uncle  ?f   ","?a  ex:sister  ?b","0.374201","0.595452","0.612308","995","1671","1625","?b"
"?b  ex:aunt  ?f  ?f  ex:niece  ?a   ","?a  ex:sister  ?b","0.281309","0.260174","0.281733","748","2875","2655","?b"
"?b  ex:aunt  ?f  ?f  ex:nephew  ?a   ","?a  ex:sister  ?b","0.315908","0.260627","0.285423","840","3223","2943","?b"
"?f  ex:daughter  ?a  ?b  ex:uncle  ?f   ","?a  ex:sister  ?b","0.10267","0.19348","0.214961","273","1411","1270","?b"
"?f  ex:son  ?a  ?b  ex:uncle  ?f   ","?a  ex:sister  ?b","0.115833","0.179278","0.206989","308","1718","1488","?b"
"?a  ex:mother  ?f  ?b  ex:uncle  ?f   ","?a  ex:sister  ?b","0.13915","0.360624","0.410655","370","1026","901","?b"
"?b  ex:aunt  ?f  ?f  ex:daughter  ?a   ","?a  ex:sister  ?b","0.0808575","0.179017","0.196706","215","1201","1093","?b"
"?f  ex:brother  ?a  ?b  ex:mother  ?f   ","?a  ex:son  ?b","0.314218","0.551122","0.551122","663","1203","1203","?b"
"?b  ex:aunt  ?f  ?f  ex:son  ?a   ","?a  ex:sister  ?b","0.0981572","0.173653","0.196388","261","1503","1329","?b"
"?a  ex:aunt  ?f  ?b  ex:aunt  ?f   ","?a  ex:sister  ?b","0.327191","0.489865","0.527913","870","1776","1648","?b"
"?e  ex:brother  ?b  ?e  ex:son  ?a   ","?a  ex:mother  ?b","0.701867","0.491622","0.500416","1203","2447","2404","?b"
"?b  ex:aunt  ?f  ?a  ex:mother  ?f   ","?a  ex:sister  ?b","0.114705","0.342312","0.384615","305","891","793","?b"
"?e  ex:aunt  ?a  ?e  ex:sister  ?b   ","?a  ex:son  ?b","0.331754","0.107165","0.241379","700","6532","2900","?b"
"?f  ex:father  ?a  ?b  ex:son  ?f   ","?a  ex:sister  ?b","0.531779","0.305664","0.390284","1414","4626","3623","?b"
"?b  ex:niece  ?f  ?f  ex:uncle  ?a   ","?a  ex:sister  ?b","0.354645","0.149114","0.179825","943","6324","5244","?b"
"?a  ex:niece  ?f  ?b  ex:niece  ?f   ","?a  ex:sister  ?b","0.376833","0.292213","0.349738","1002","3429","2865","?b"
"?a  ex:mother  ?f  ?f  ex:niece  ?b   ","?a  ex:sister  ?b","0.183528","0.363095","0.400657","488","1344","1218","?b"
"?a  ex:daughter  ?f  ?f  ex:mother  ?b   ","?a  ex:sister  ?b","0.990598","0.774934","0.844501","2634","3399","3119","?b"
"?e  ex:sister  ?b  ?a  ex:sister  ?e   ","?a  ex:sister  ?b","0.837533","0.81875","0.81875","2227","2720","2720","?b"
"?e  ex:mother  ?a  ?e  ex:mother  ?b   ","?a  ex:sister  ?b","0.990598","0.349987","0.42117","2634","7526","6254","?b"
"?f  ex:aunt  ?a  ?b  ex:niece  ?f   ","?a  ex:sister  ?b","0.321926","0.145036","0.175915","856","5902","4866","?b"
"?e  ex:father  ?a  ?e  ex:father  ?b   ","?a  ex:sister  ?b","0.999624","0.306999","0.384549","2658","8658","6912","?b"
"?a  ex:daughter  ?f  ?f  ex:father  ?b   ","?a  ex:sister  ?b","0.999624","0.673764","0.764892","2658","3945","3475","?b"
"?e  ex:nephew  ?b  ?e  ex:son  ?a   ","?a  ex:sister  ?b","0.21399","0.176653","0.201988","569","3221","2817","?b"
"?a  ex:niece  ?e  ?e  ex:uncle  ?b   ","?a  ex:sister  ?b","0.778488","0.327324","0.383973","2070","6324","5391","?b"
"?a  ex:aunt  ?f  ?f  ex:daughter  ?b   ","?a  ex:sister  ?b","0.218127","0.482931","0.754226","580","1201","769","?b"
"?e  ex:aunt  ?a  ?e  ex:aunt  ?b   ","?a  ex:sister  ?b","0.697631","0.14565","0.179522","1855","12736","10333","?b"
"?a  ex:aunt  ?f  ?f  ex:niece  ?b   ","?a  ex:sister  ?b","0.598721","0.553739","0.577649","1592","2875","2756","?b"
"?e  ex:aunt  ?b  ?a  ex:niece  ?e   ","?a  ex:sister  ?b","0.697631","0.3143","0.371371","1855","5902","4995","?b"
"?f  ex:brother  ?b  ?a  ex:sister  ?f   ","?a  ex:sister  ?b","0.884919","0.81222","0.849458","2353","2897","2770","?b"
"?e  ex:daughter  ?b  ?e  ex:niece  ?a   ","?a  ex:sister  ?b","0.218127","0.222052","0.369898","580","2612","1568","?b"
"?a  ex:aunt  ?f  ?f  ex:son  ?b   ","?a  ex:sister  ?b","0.27642","0.489022","0.772871","735","1503","951","?b"
"?a  ex:aunt  ?e  ?e  ex:nephew  ?b   ","?a  ex:sister  ?b","0.670553","0.553211","0.582109","1783","3223","3063","?b"
"?e  ex:daughter  ?a  ?e  ex:niece  ?b   ","?a  ex:sister  ?b","0.183528","0.18683","0.206517","488","2612","2363","?b"
"?b  ex:brother  ?f  ?f  ex:uncle  ?a   ","?a  ex:niece  ?b","0.455773","0.332815","0.383902","1283","3855","3342","?b"
"?f  ex:aunt  ?a  ?b  ex:brother  ?f   ","?a  ex:niece  ?b","0.437655","0.349801","0.393988","1232","3522","3127","?b"
"?b  ex:brother  ?f  ?f  ex:mother  ?a   ","?a  ex:niece  ?b","0.203552","0.43475","0.455123","573","1318","1259","?b"
"?e  ex:nephew  ?a  ?e  ex:son  ?b   ","?a  ex:sister  ?b","0.27642","0.22819","0.396013","735","3221","1856","?b"
"?e  ex:uncle  ?a  ?e  ex:uncle  ?b   ","?a  ex:sister  ?b","0.778864","0.146921","0.181206","2071","14096","11429","?b"
"?e  ex:brother  ?a  ?e  ex:brother  ?b   ","?a  ex:sister  ?b","0.884919","0.374205","0.42404","2353","6288","5549","?b"
"?b  ex:sister  ?f  ?f  ex:uncle  ?a   ","?a  ex:niece  ?b","0.422735","0.37014","0.408654","1190","3215","2912","?b"
"?f  ex:aunt  ?a  ?b  ex:sister  ?f   ","?a  ex:niece  ?b","0.405329","0.376816","0.412808","1141","3028","2764","?b"
"?b  ex:brother  ?f  ?f  ex:father  ?a   ","?a  ex:niece  ?b","0.328597","0.426857","0.461577","925","2167","2004","?b"
"?a  ex:daughter  ?f  ?b  ex:sister  ?f   ","?a  ex:niece  ?b","0.467851","0.998484","1","1317","1319","1317","?b"
"?a  ex:niece  ?f  ?b  ex:sister  ?f   ","?a  ex:niece  ?b","0.449378","0.812982","0.874827","1265","1556","1446","?b"
"?e  ex:niece  ?a  ?e  ex:niece  ?b   ","?a  ex:sister  ?b","0.598721","0.249413","0.267968","1592","6383","5941","?b"
"?a  ex:mother  ?f  ?f  ex:nephew  ?b   ","?a  ex:sister  ?b","0.21399","0.348438","0.395688","569","1633","1438","?b"
"?b  ex:aunt  ?f  ?f  ex:brother  ?a   ","?a  ex:niece  ?b","0.408171","0.465559","0.484401","1149","2468","2372","?b"
"?f  ex:mother  ?a  ?b  ex:sister  ?f   ","?a  ex:niece  ?b","0.160924","0.444553","0.473849","453","1019","956","?b"
"?f  ex:father  ?a  ?b  ex:sister  ?f   ","?a  ex:niece  ?b","0.306927","0.437247","0.467532","864","1976","1848","?b"
"?b  ex:aunt  ?f  ?f  ex:sister  ?a   ","?a  ex:niece  ?b","0.368028","0.461059","0.461059","1036","2247","2247","?b"
"?b  ex:brother  ?f  ?a  ex:daughter  ?f   ","?a  ex:niece  ?b","0.532149","1","1","1498","1498","1498","?b"
"?e  ex:sister  ?a  ?e  ex:sister  ?b   ","?a  ex:sister  ?b","0.837533","0.380489","0.380489","2227","5853","5853","?b"
"?f  ex:niece  ?b  ?a  ex:sister  ?f   ","?a  ex:niece  ?b","0.780462","0.999545","0.999545","2197","2198","2198","?b"
"?e  ex:brother  ?b  ?a  ex:niece  ?e   ","?a  ex:niece  ?b","0.878508","0.803966","0.864383","2473","3076","2861","?b"
"?a  ex:daughter  ?f  ?f  ex:sister  ?b   ","?a  ex:niece  ?b","0.364476","1","1","1026","1026","1026","?b"
"?e  ex:brother  ?b  ?e  ex:father  ?a   ","?a  ex:niece  ?b","0.635524","0.430358","0.464434","1789","4157","3852","?b"
"?f  ex:sister  ?a  ?b  ex:uncle  ?f   ","?a  ex:niece  ?b","0.412433","0.44913","0.44913","1161","2585","2585","?b"
"?e  ex:brother  ?b  ?e  ex:uncle  ?a   ","?a  ex:niece  ?b","0.878508","0.348949","0.395427","2473","7087","6254","?b"
"?e  ex:nephew  ?a  ?e  ex:nephew  ?b   ","?a  ex:sister  ?b","0.670553","0.253015","0.275793","1783","7047","6465","?b"
"?a  ex:niece  ?f  ?f  ex:sister  ?b   ","?a  ex:niece  ?b","0.842984","0.81743","0.862909","2373","2903","2750","?b"
"?e  ex:brother  ?b  ?a  ex:daughter  ?e   ","?a  ex:niece  ?b","0.635524","0.999441","1","1789","1790","1789","?b"
"?e  ex:mother  ?a  ?e  ex:sister  ?b   ","?a  ex:niece  ?b","0.364476","0.439212","0.462996","1026","2336","2216","?b"
"?e  ex:niece  ?b  ?e  ex:sister  ?a   ","?a  ex:niece  ?b","0.780462","0.454677","0.454677","2197","4832","4832","?b"
"?b  ex:niece  ?f  ?f  ex:sister  ?a   ","?a  ex:aunt  ?b","0.381605","0.393042","0.393042","1141","2903","2903","?b"
"?f  ex:brother  ?a  ?b  ex:uncle  ?f   ","?a  ex:niece  ?b","0.451155","0.445458","0.465201","1270","2851","2730","?b"
"?f  ex:brother  ?a  ?b  ex:niece  ?f   ","?a  ex:aunt  ?b","0.397993","0.386866","0.414779","1190","3076","2869","?b"
"?e  ex:aunt  ?a  ?e  ex:sister  ?b   ","?a  ex:niece  ?b","0.842984","0.363288","0.402818","2373","6532","5891","?b"
"?a  ex:sister  ?f  ?b  ex:uncle  ?f   ","?a  ex:niece  ?b","0.492007","0.999278","0.999278","1385","1386","1386","?b"
"?e  ex:brother  ?a  ?e  ex:nephew  ?b   ","?a  ex:niece  ?b","0.859325","0.454785","0.474128","2419","5319","5102","?b"
"?f  ex:nephew  ?a  ?b  ex:sister  ?f   ","?a  ex:aunt  ?b","0.384281","0.47499","0.501528","1149","2419","2291","?b"
"?a  ex:aunt  ?f  ?b  ex:sister  ?f   ","?a  ex:aunt  ?b","0.410033","1","1","1226","1226","1226","?b"
"?b  ex:niece  ?f  ?a  ex:sister  ?f   ","?a  ex:aunt  ?b","0.423077","0.812982","0.833333","1265","1556","1518","?b"
"?f  ex:nephew  ?a  ?b  ex:wife  ?f   ","?a  ex:aunt  ?b","0.0167224","0.0217297","0.101626","50","2301","492","?b"
"?b  ex:brother  ?f  ?f  ex:nephew  ?a   ","?a  ex:aunt  ?b","0.437793","0.454514","0.49063","1309","2880","2668","?b"
"?f  ex:niece  ?a  ?b  ex:sister  ?f   ","?a  ex:aunt  ?b","0.346488","0.471338","0.498077","1036","2198","2080","?b"
"?b  ex:brother  ?f  ?f  ex:niece  ?a   ","?a  ex:aunt  ?b","0.402007","0.459129","0.488817","1202","2618","2459","?b"
"?a  ex:aunt  ?f  ?b  ex:brother  ?f   ","?a  ex:aunt  ?b","0.496656","1","1","1485","1485","1485","?b"
"?f  ex:sister  ?a  ?b  ex:son  ?f   ","?a  ex:aunt  ?b","0.185953","0.427035","0.462178","556","1302","1203","?b"
"?f  ex:brother  ?a  ?b  ex:son  ?f   ","?a  ex:aunt  ?b","0.369231","0.470187","0.517096","1104","2348","2135","?b"
"?b  ex:daughter  ?f  ?f  ex:sister  ?a   ","?a  ex:aunt  ?b","0.151505","0.44152","0.468944","453","1026","966","?b"
"?f  ex:brother  ?a  ?b  ex:daughter  ?f   ","?a  ex:aunt  ?b","0.288963","0.482682","0.51276","864","1790","1685","?b"
"?b  ex:aunt  ?f  ?a  ex:sister  ?f   ","?a  ex:niece  ?b","0.435524","1","1","1226","1226","1226","?b"
"?b  ex:nephew  ?f  ?a  ex:sister  ?f   ","?a  ex:aunt  ?b","0.529097","0.815884","0.838368","1582","1939","1887","?b"
"?b  ex:daughter  ?f  ?a  ex:sister  ?f   ","?a  ex:aunt  ?b","0.440468","0.998484","0.998484","1317","1319","1319","?b"
"?b  ex:brother  ?f  ?a  ex:niece  ?f   ","?a  ex:niece  ?b","0.500178","0.773202","0.848193","1408","1821","1660","?b"
"?b  ex:nephew  ?f  ?f  ex:sister  ?a   ","?a  ex:aunt  ?b","0.468227","0.388565","0.388565","1400","3603","3603","?b"
"?f  ex:brother  ?a  ?b  ex:nephew  ?f   ","?a  ex:aunt  ?b","0.489632","0.367932","0.408027","1464","3979","3588","?b"
"?a  ex:sister  ?f  ?b  ex:son  ?f   ","?a  ex:aunt  ?b","0.555184","0.998196","0.998196","1660","1663","1663","?b"
"?e  ex:father  ?b  ?a  ex:sister  ?e   ","?a  ex:aunt  ?b","0.66087","1","1","1976","1976","1976","?b"
"?e  ex:mother  ?b  ?a  ex:sister  ?e   ","?a  ex:aunt  ?b","0.33913","0.995093","0.995093","1014","1019","1019","?b"
"?e  ex:mother  ?b  ?e  ex:sister  ?a   ","?a  ex:aunt  ?b","0.33913","0.434075","0.465779","1014","2336","2177","?b"
"?f  ex:nephew  ?b  ?a  ex:sister  ?f   ","?a  ex:niece  ?b","0.859325","1","1","2419","2419","2419","?b"
"?a  ex:aunt  ?e  ?e  ex:wife  ?b   ","?a  ex:aunt  ?b","0.0167224","0.0565611","0.21097","50","884","237","?b"
"?a  ex:aunt  ?e  ?e  ex:husband  ?b   ","?a  ex:aunt  ?b","0.0167224","0.0489716","0.231481","50","1021","216","?b"
"?e  ex:husband  ?b  ?e  ex:nephew  ?a   ","?a  ex:aunt  ?b","0.0167224","0.0217297","0.101626","50","2301","492","?b"
"?a  ex:aunt  ?f  ?b  ex:wife  ?f   ","?a  ex:aunt  ?b","0.0167224","0.0489716","0.231481","50","1021","216","?b"
"?a  ex:sister  ?f  ?f  ex:uncle  ?b   ","?a  ex:aunt  ?b","0.891973","0.829549","0.85344","2667","3215","3125","?b"
"?a  ex:aunt  ?f  ?b  ex:husband  ?f   ","?a  ex:aunt  ?b","0.0167224","0.0565611","0.21097","50","884","237","?b"
"?f  ex:father  ?a  ?b  ex:son  ?f   ","?a  ex:brother  ?b","0.53316","0.354518","0.427195","1640","4626","3839","?b"
"?a  ex:aunt  ?e  ?e  ex:brother  ?b   ","?a  ex:aunt  ?b","0.825418","1","1","2468","2468","2468","?b"
"?e  ex:brother  ?b  ?e  ex:nephew  ?a   ","?a  ex:aunt  ?b","0.825418","0.463997","0.495981","2468","5319","4976","?b"
"?a  ex:aunt  ?e  ?e  ex:sister  ?b   ","?a  ex:aunt  ?b","0.751505","1","1","2247","2247","2247","?b"
"?e  ex:brother  ?a  ?e  ex:father  ?b   ","?a  ex:aunt  ?b","0.66087","0.475343","0.51512","1976","4157","3836","?b"
"?e  ex:brother  ?a  ?e  ex:uncle  ?b   ","?a  ex:aunt  ?b","0.891973","0.376323","0.411257","2667","7087","6485","?b"
"?b  ex:brother  ?f  ?f  ex:sister  ?a   ","?a  ex:brother  ?b","0.423927","0.422553","0.457383","1304","3086","2851","?b"
"?b  ex:daughter  ?f  ?f  ex:father  ?a   ","?a  ex:brother  ?b","0.459688","0.358428","0.408789","1414","3945","3459","?b"
"?b  ex:daughter  ?f  ?a  ex:son  ?f   ","?a  ex:brother  ?b","0.459688","0.85801","0.879353","1414","1648","1608","?b"
"?b  ex:daughter  ?f  ?f  ex:mother  ?a   ","?a  ex:brother  ?b","0.454486","0.411297","0.454782","1398","3399","3074","?b"
"?f  ex:brother  ?a  ?b  ex:brother  ?f   ","?a  ex:brother  ?b","0.453836","0.418465","0.418465","1396","3336","3336","?b"
"?a  ex:brother  ?f  ?b  ex:brother  ?f   ","?a  ex:brother  ?b","0.494798","0.652379","0.686513","1522","2333","2217","?b"
"?b  ex:niece  ?f  ?f  ex:uncle  ?a   ","?a  ex:brother  ?b","0.358908","0.174573","0.193041","1104","6324","5719","?b"
"?b  ex:nephew  ?f  ?f  ex:uncle  ?a   ","?a  ex:brother  ?b","0.408973","0.163973","0.196133","1258","7672","6414","?b"
"?e  ex:niece  ?a  ?e  ex:sister  ?b   ","?a  ex:aunt  ?b","0.751505","0.465025","0.493521","2247","4832","4553","?b"
"?b  ex:father  ?f  ?f  ex:nephew  ?a   ","?a  ex:brother  ?b","0.175228","0.339421","0.448419","539","1588","1202","?b"
"?f  ex:aunt  ?a  ?b  ex:nephew  ?f   ","?a  ex:brother  ?b","0.355007","0.161038","0.194168","1092","6781","5624","?b"
"?f  ex:mother  ?a  ?b  ex:son  ?f   ","?a  ex:brother  ?b","0.521456","0.395756","0.451958","1604","4053","3549","?b"
"?f  ex:aunt  ?a  ?b  ex:niece  ?f   ","?a  ex:brother  ?b","0.320871","0.167231","0.186437","987","5902","5294","?b"
"?b  ex:mother  ?f  ?f  ex:niece  ?a   ","?a  ex:brother  ?b","0.0887516","0.203125","0.378641","273","1344","721","?b"
"?a  ex:nephew  ?f  ?b  ex:niece  ?f   ","?a  ex:brother  ?b","0.382315","0.3468","0.377892","1176","3391","3112","?b"
"?e  ex:aunt  ?b  ?a  ex:sister  ?e   ","?a  ex:aunt  ?b","0.853512","0.842801","0.842801","2552","3028","3028","?b"
"?b  ex:father  ?f  ?f  ex:niece  ?a   ","?a  ex:brother  ?b","0.135241","0.328076","0.432882","416","1268","961","?b"
"?b  ex:mother  ?f  ?f  ex:nephew  ?a   ","?a  ex:brother  ?b","0.10013","0.18861","0.378844","308","1633","813","?b"
"?b  ex:father  ?f  ?a  ex:uncle  ?f   ","?a  ex:brother  ?b","0.20091","0.620482","0.779319","618","996","793","?b"
"?b  ex:aunt  ?f  ?f  ex:nephew  ?a   ","?a  ex:brother  ?b","0.306567","0.292585","0.304981","943","3223","3092","?b"
"?b  ex:aunt  ?f  ?a  ex:uncle  ?f   ","?a  ex:brother  ?b","0.323472","0.595452","0.60303","995","1671","1650","?b"
"?b  ex:aunt  ?f  ?a  ex:father  ?f   ","?a  ex:brother  ?b","0.173602","0.631953","0.674242","534","845","792","?b"
"?f  ex:brother  ?a  ?b  ex:sister  ?f   ","?a  ex:brother  ?b","0.398895","0.423542","0.423542","1227","2897","2897","?b"
"?a  ex:son  ?f  ?b  ex:son  ?f   ","?a  ex:brother  ?b","0.53381","0.544791","0.665586","1642","3014","2467","?b"
"?a  ex:brother  ?f  ?b  ex:sister  ?f   ","?a  ex:brother  ?b","0.437581","0.997037","1","1346","1350","1346","?b"
"?a  ex:father  ?f  ?f  ex:nephew  ?b   ","?a  ex:brother  ?b","0.329324","0.637909","0.684922","1013","1588","1479","?b"
"?f  ex:niece  ?a  ?b  ex:uncle  ?f   ","?a  ex:brother  ?b","0.304941","0.267389","0.28","938","3508","3350","?b"
"?f  ex:nephew  ?a  ?b  ex:uncle  ?f   ","?a  ex:brother  ?b","0.3342","0.268828","0.282962","1028","3824","3633","?b"
"?a  ex:father  ?f  ?f  ex:niece  ?b   ","?a  ex:brother  ?b","0.253901","0.615931","0.656303","781","1268","1190","?b"
"?b  ex:aunt  ?f  ?f  ex:son  ?a   ","?a  ex:brother  ?b","0.154096","0.315369","0.334982","474","1503","1415","?b"
"?a  ex:father  ?f  ?b  ex:uncle  ?f   ","?a  ex:brother  ?b","0.20091","0.620482","0.67101","618","996","921","?b"
"?a  ex:nephew  ?f  ?b  ex:nephew  ?f   ","?a  ex:brother  ?b","0.436931","0.271296","0.327725","1344","4954","4101","?b"
"?f  ex:son  ?a  ?b  ex:uncle  ?f   ","?a  ex:brother  ?b","0.175228","0.313737","0.339207","539","1718","1589","?b"
"?a  ex:uncle  ?f  ?b  ex:uncle  ?f   ","?a  ex:brother  ?b","0.353056","0.436846","0.456111","1086","2486","2381","?b"
"?f  ex:sister  ?a  ?b  ex:sister  ?f   ","?a  ex:brother  ?b","0.380039","0.429779","0.455218","1169","2720","2568","?b"
"?a  ex:nephew  ?f  ?f  ex:uncle  ?b   ","?a  ex:brother  ?b","0.774382","0.31048","0.355151","2382","7672","6707","?b"
"?a  ex:brother  ?e  ?e  ex:sister  ?b   ","?a  ex:brother  ?b","0.810143","0.807518","0.838775","2492","3086","2971","?b"
"?e  ex:sister  ?a  ?e  ex:sister  ?b   ","?a  ex:brother  ?b","0.810143","0.425765","0.455243","2492","5853","5474","?b"
"?f  ex:aunt  ?b  ?a  ex:nephew  ?f   ","?a  ex:brother  ?b","0.678479","0.307772","0.354751","2087","6781","5883","?b"
"?e  ex:brother  ?b  ?a  ex:brother  ?e   ","?a  ex:brother  ?b","0.858583","0.791667","0.791667","2641","3336","3336","?b"
"?e  ex:brother  ?a  ?e  ex:brother  ?b   ","?a  ex:brother  ?b","0.858583","0.420006","0.420006","2641","6288","6288","?b"
"?f  ex:niece  ?b  ?a  ex:uncle  ?f   ","?a  ex:brother  ?b","0.579324","0.507982","0.521663","1782","3508","3416","?b"
"?e  ex:mother  ?a  ?e  ex:mother  ?b   ","?a  ex:brother  ?b","0.982445","0.401541","0.452395","3022","7526","6680","?b"
"?e  ex:mother  ?b  ?a  ex:son  ?e   ","?a  ex:brother  ?b","0.982445","0.745621","0.811929","3022","4053","3722","?b"
"?f  ex:nephew  ?b  ?a  ex:uncle  ?f   ","?a  ex:brother  ?b","0.640767","0.515429","0.531124","1971","3824","3711","?b"
"?f  ex:daughter  ?a  ?b  ex:uncle  ?f   ","?a  ex:brother  ?b","0.135241","0.294826","0.317557","416","1411","1310","?b"
"?e  ex:daughter  ?b  ?e  ex:niece  ?a   ","?a  ex:brother  ?b","0.223992","0.263783","0.409631","689","2612","1682","?b"
"?e  ex:nephew  ?b  ?e  ex:son  ?a   ","?a  ex:brother  ?b","0.329324","0.314499","0.337217","1013","3221","3004","?b"
"?e  ex:daughter  ?a  ?e  ex:niece  ?b   ","?a  ex:brother  ?b","0.253901","0.299005","0.318126","781","2612","2455","?b"
"?e  ex:nephew  ?a  ?e  ex:son  ?b   ","?a  ex:brother  ?b","0.275358","0.262962","0.420347","847","3221","2015","?b"
"?f  ex:daughter  ?b  ?a  ex:uncle  ?f   ","?a  ex:brother  ?b","0.223992","0.488306","0.71473","689","1411","964","?b"
"?e  ex:niece  ?a  ?e  ex:niece  ?b   ","?a  ex:brother  ?b","0.579324","0.279179","0.289945","1782","6383","6146","?b"
"?e  ex:aunt  ?b  ?e  ex:sister  ?a   ","?a  ex:aunt  ?b","0.853512","0.390692","0.390692","2552","6532","6532","?b"
"?f  ex:brother  ?a  ?b  ex:son  ?f   ","?a  ex:uncle  ?b","0.353127","0.524276","0.545656","1231","2348","2256","?b"
"?e  ex:father  ?b  ?a  ex:son  ?e   ","?a  ex:brother  ?b","0.99935","0.664505","0.756584","3074","4626","4063","?b"
"?e  ex:aunt  ?a  ?e  ex:aunt  ?b   ","?a  ex:brother  ?b","0.678479","0.163866","0.190472","2087","12736","10957","?b"
"?b  ex:mother  ?f  ?a  ex:uncle  ?f   ","?a  ex:brother  ?b","0.120286","0.360624","0.691589","370","1026","535","?b"
"?e  ex:uncle  ?a  ?e  ex:uncle  ?b   ","?a  ex:brother  ?b","0.774382","0.168984","0.195102","2382","14096","12209","?b"
"?e  ex:father  ?a  ?e  ex:father  ?b   ","?a  ex:brother  ?b","0.99935","0.355047","0.417266","3074","8658","7367","?b"
"?f  ex:son  ?b  ?a  ex:uncle  ?f   ","?a  ex:brother  ?b","0.275358","0.493015","0.734605","847","1718","1153","?b"
"?a  ex:brother  ?f  ?b  ex:son  ?f   ","?a  ex:uncle  ?b","0.565978","1","1","1973","1973","1973","?b"
"?e  ex:nephew  ?a  ?e  ex:nephew  ?b   ","?a  ex:brother  ?b","0.640767","0.279693","0.293086","1971","7047","6725","?b"
"?b  ex:brother  ?f  ?f  ex:niece  ?a   ","?a  ex:uncle  ?b","0.406196","0.540871","0.556823","1416","2618","2543","?b"
"?b  ex:aunt  ?f  ?f  ex:niece  ?a   ","?a  ex:brother  ?b","0.274382","0.293565","0.30186","844","2875","2796","?b"
"?b  ex:brother  ?f  ?f  ex:nephew  ?a   ","?a  ex:uncle  ?b","0.45066","0.545486","0.561272","1571","2880","2799","?b"
"?f  ex:sister  ?a  ?b  ex:son  ?f   ","?a  ex:uncle  ?b","0.212851","0.569892","0.594075","742","1302","1249","?b"
"?b  ex:sister  ?f  ?a  ex:uncle  ?f   ","?a  ex:uncle  ?b","0.39759","1","1","1386","1386","1386","?b"
"?b  ex:aunt  ?f  ?f  ex:daughter  ?a   ","?a  ex:brother  ?b","0.118661","0.303913","0.318777","365","1201","1145","?b"
"?f  ex:nephew  ?a  ?b  ex:sister  ?f   ","?a  ex:uncle  ?b","0.364314","0.52501","0.539966","1270","2419","2352","?b"
"?b  ex:husband  ?f  ?a  ex:uncle  ?f   ","?a  ex:uncle  ?b","0.0152037","0.0491651","0.153179","53","1078","346","?b"
"?b  ex:niece  ?f  ?f  ex:sister  ?a   ","?a  ex:uncle  ?b","0.353414","0.424389","0.441261","1232","2903","2792","?b"
"?a  ex:uncle  ?f  ?b  ex:wife  ?f   ","?a  ex:uncle  ?b","0.0152037","0.0414063","0.17377","53","1280","305","?b"
"?b  ex:nephew  ?f  ?f  ex:sister  ?a   ","?a  ex:uncle  ?b","0.426563","0.412712","0.434287","1487","3603","3424","?b"
"?a  ex:brother  ?f  ?b  ex:daughter  ?f   ","?a  ex:uncle  ?b","0.429719","1","1","1498","1498","1498","?b"
"?f  ex:brother  ?a  ?b  ex:nephew  ?f   ","?a  ex:uncle  ?b","0.478485","0.419201","0.419201","1668","3979","3979","?b"
"?a  ex:brother  ?f  ?b  ex:nephew  ?f   ","?a  ex:uncle  ?b","0.528399","0.74939","0.768461","1842","2458","2397","?b"
"?f  ex:brother  ?a  ?b  ex:daughter  ?f   ","?a  ex:uncle  ?b","0.265347","0.51676","0.534682","925","1790","1730","?b"
"?f  ex:brother  ?a  ?b  ex:niece  ?f   ","?a  ex:uncle  ?b","0.368044","0.4171","0.4171","1283","3076","3076","?b"
"?a  ex:brother  ?e  ?e  ex:father  ?b   ","?a  ex:uncle  ?b","0.621629","1","1","2167","2167","2167","?b"
"?a  ex:uncle  ?e  ?e  ex:wife  ?b   ","?a  ex:uncle  ?b","0.0152037","0.0491651","0.153179","53","1078","346","?b"
"?b  ex:brother  ?f  ?a  ex:uncle  ?f   ","?a  ex:uncle  ?b","0.508319","1","1","1772","1772","1772","?b"
"?a  ex:brother  ?f  ?f  ex:mother  ?b   ","?a  ex:uncle  ?b","0.378084","1","1","1318","1318","1318","?b"
"?f  ex:niece  ?a  ?b  ex:sister  ?f   ","?a  ex:uncle  ?b","0.333333","0.528662","0.539712","1162","2198","2153","?b"
"?e  ex:mother  ?b  ?e  ex:sister  ?a   ","?a  ex:uncle  ?b","0.378084","0.564212","0.584738","1318","2336","2254","?b"
"?f  ex:husband  ?b  ?a  ex:uncle  ?f   ","?a  ex:uncle  ?b","0.0152037","0.0414063","0.17377","53","1280","305","?b"
"?e  ex:brother  ?a  ?e  ex:father  ?b   ","?a  ex:uncle  ?b","0.621629","0.521289","0.541074","2167","4157","4005","?b"
"?f  ex:aunt  ?b  ?a  ex:brother  ?f   ","?a  ex:uncle  ?b","0.782559","0.77456","0.796032","2728","3522","3427","?b"
"?b  ex:daughter  ?f  ?f  ex:sister  ?a   ","?a  ex:uncle  ?b","0.164372","0.55848","0.574724","573","1026","997","?b"
"?e  ex:brother  ?b  ?a  ex:uncle  ?e   ","?a  ex:uncle  ?b","0.817843","1","1","2851","2851","2851","?b"
"?e  ex:aunt  ?b  ?e  ex:sister  ?a   ","?a  ex:uncle  ?b","0.782559","0.417636","0.437039","2728","6532","6242","?b"
"?a  ex:brother  ?f  ?f  ex:uncle  ?b   ","?a  ex:uncle  ?b","0.848824","0.767575","0.767575","2959","3855","3855","?b"
"?e  ex:brother  ?b  ?e  ex:nephew  ?a   ","?a  ex:uncle  ?b","0.817843","0.536003","0.551344","2851","5319","5171","?b"
"?e  ex:niece  ?a  ?e  ex:sister  ?b   ","?a  ex:uncle  ?b","0.741538","0.534975","0.548599","2585","4832","4712","?b"
"?b  ex:brother  ?f  ?f  ex:uncle  ?a   ","?a  ex:nephew  ?b","0.459125","0.432685","0.471853","1668","3855","3535","?b"
"?b  ex:brother  ?f  ?f  ex:mother  ?a   ","?a  ex:nephew  ?b","0.204239","0.562974","0.575194","742","1318","1290","?b"
"?e  ex:brother  ?a  ?e  ex:uncle  ?b   ","?a  ex:uncle  ?b","0.848824","0.417525","0.417525","2959","7087","7087","?b"
"?f  ex:aunt  ?a  ?b  ex:sister  ?f   ","?a  ex:nephew  ?b","0.385356","0.462351","0.482426","1400","3028","2902","?b"
"?b  ex:sister  ?f  ?f  ex:uncle  ?a   ","?a  ex:nephew  ?b","0.402973","0.455365","0.47241","1464","3215","3099","?b"
"?b  ex:brother  ?f  ?a  ex:son  ?f   ","?a  ex:nephew  ?b","0.543077","1","1","1973","1973","1973","?b"
"?a  ex:brother  ?f  ?b  ex:niece  ?f   ","?a  ex:uncle  ?b","0.403901","0.773202","0.787913","1408","1821","1787","?b"
"?b  ex:brother  ?f  ?a  ex:nephew  ?f   ","?a  ex:nephew  ?b","0.507019","0.74939","0.820125","1842","2458","2246","?b"
"?b  ex:sister  ?f  ?a  ex:son  ?f   ","?a  ex:nephew  ?b","0.456923","0.998196","1","1660","1663","1660","?b"
"?f  ex:brother  ?a  ?b  ex:uncle  ?f   ","?a  ex:nephew  ?b","0.432425","0.551035","0.551035","1571","2851","2851","?b"
"?f  ex:father  ?a  ?b  ex:sister  ?f   ","?a  ex:nephew  ?b","0.303881","0.558704","0.562978","1104","1976","1961","?b"
"?f  ex:sister  ?a  ?b  ex:uncle  ?f   ","?a  ex:nephew  ?b","0.389761","0.547776","0.555294","1416","2585","2550","?b"
"?b  ex:aunt  ?f  ?f  ex:brother  ?a   ","?a  ex:nephew  ?b","0.360308","0.530389","0.530389","1309","2468","2468","?b"
"?b  ex:aunt  ?f  ?f  ex:sister  ?a   ","?a  ex:nephew  ?b","0.330856","0.534935","0.539982","1202","2247","2226","?b"
"?f  ex:mother  ?a  ?b  ex:sister  ?f   ","?a  ex:nephew  ?b","0.153042","0.545633","0.558233","556","1019","996","?b"
"?b  ex:aunt  ?f  ?a  ex:brother  ?f   ","?a  ex:nephew  ?b","0.408753","1","1","1485","1485","1485","?b"
"?a  ex:brother  ?f  ?b  ex:uncle  ?f   ","?a  ex:nephew  ?b","0.487751","1","1","1772","1772","1772","?b"
"?f  ex:sister  ?b  ?a  ex:uncle  ?f   ","?a  ex:uncle  ?b","0.741538","1","1","2585","2585","2585","?b"
"?a  ex:nephew  ?f  ?b  ex:sister  ?f   ","?a  ex:nephew  ?b","0.435453","0.815884","0.848257","1582","1939","1865","?b"
"?f  ex:sister  ?b  ?a  ex:son  ?f   ","?a  ex:nephew  ?b","0.35728","0.996928","0.99923","1298","1302","1299","?b"
"?a  ex:brother  ?f  ?f  ex:nephew  ?b   ","?a  ex:nephew  ?b","0.792733","1","1","2880","2880","2880","?b"
"?f  ex:aunt  ?a  ?b  ex:brother  ?f   ","?a  ex:nephew  ?b","0.409304","0.422203","0.452939","1487","3522","3283","?b"
"?a  ex:brother  ?f  ?f  ex:niece  ?b   ","?a  ex:nephew  ?b","0.720617","1","1","2618","2618","2618","?b"
"?e  ex:brother  ?b  ?e  ex:uncle  ?a   ","?a  ex:nephew  ?b","0.862097","0.441936","0.472113","3132","7087","6634","?b"
"?e  ex:brother  ?b  ?a  ex:son  ?e   ","?a  ex:nephew  ?b","0.64272","0.994463","1","2335","2348","2335","?b"
"?a  ex:nephew  ?e  ?e  ex:sister  ?b   ","?a  ex:nephew  ?b","0.79466","0.801277","0.842182","2887","3603","3428","?b"
"?e  ex:mother  ?a  ?e  ex:sister  ?b   ","?a  ex:nephew  ?b","0.35728","0.555651","0.567556","1298","2336","2287","?b"
"?e  ex:aunt  ?a  ?e  ex:sister  ?b   ","?a  ex:nephew  ?b","0.79466","0.441978","0.466774","2887","6532","6185","?b"
"?b  ex:brother  ?f  ?f  ex:father  ?a   ","?a  ex:nephew  ?b","0.338838","0.568066","0.576311","1231","2167","2136","?b"
"?e  ex:brother  ?b  ?a  ex:nephew  ?e   ","?a  ex:nephew  ?b","0.862097","0.787132","0.836092","3132","3979","3746","?b"
"?e  ex:brother  ?b  ?e  ex:father  ?a   ","?a  ex:nephew  ?b","0.64272","0.561703","0.569929","2335","4157","4097","?b"
"?e  ex:brother  ?a  ?e  ex:nephew  ?b   ","?a  ex:nephew  ?b","0.792733","0.541455","0.541455","2880","5319","5319","?b"
"?e  ex:niece  ?b  ?e  ex:sister  ?a   ","?a  ex:nephew  ?b","0.720617","0.541805","0.548157","2618","4832","4776","?b"
